DENVER JUNK REMOVAL — MARKET PRICING RESEARCH,,,,,,,
"Sources: Altitude Hauling, Super Junkers, LoadUp, Junk King, College Hunks, Mountain Men Junk, Junk Same Day.",,,,,,,
DENVER JUNK REMOVAL COMPANIES — PRICING,,,,,,,
Company,Min Charge,Half Truck,Full Truck,Hourly Rate,Notes,,
Altitude Hauling,$145,~$350,$625,—,Claims most affordable $/cu yd in Denver,,
Super Junkers,$129,~$300,~$500+,$190/hr,"Volume-based, donation service",,
LoadUp,$79 (1 item),~$300,~$500+,—,"Per-item pricing, curbside option",,
Junk Same Day,$99,~$250,$350-$500,—,Full garage clearout example = $350,,
College HUNKS,~$150,~$350,$500-$700,—,"National brand, volume-based",,
Junk King Denver,~$150,~$350,$500-$625,—,Trucks 20% bigger than competitors,,
Mountain Men Junk,~$145,~$300,~$500+,—,All prices incl labor + dump fees,,
Thumbtack Denver Avg,$75,$150,$375,—,"Wide range, independent haulers",,
YOUR HAUL-AWAY PRICING vs MARKET,,,,,,,
Your Service,Your Price,Market Low,Market Avg,Market High,Position,Verdict,
Included in Undergrad (1 truck bed),"FREE (in $1,097)",$145,$300,$500,Bundled Value,"✅ STRONG — client gets it ""free""",
Included in Graduate (1 truck bed),"FREE (in $2,197)",$145,$300,$500,Bundled Value,✅ STRONG,
Included in Doctorate (2 truck beds),"FREE (in $3,797)",$290,$600,"$1,000",Bundled Value,✅ STRONG,
Extra Haul-Away (a la carte),$300,$145,$300,$625,At Average,✅ COMPETITIVE,
Your bundled haul-away is a major value prop. Clients would pay $145-$625 per load if they hired junk removal separately.,,,,,,,
A la carte at $300 is right at market average. Denver full-truck loads run $350-$625 from branded companies.,,,,,,,
