DENVER GARAGE FLOORING — MARKET PRICING RESEARCH,,,,,,,
"Sources: Galaxy Concrete Coatings, Solid Custom Floor Coatings Denver, BobVila, HomeGuide, Fixr, Angi.",,,,,,,
POLYASPARTIC FLOOR COATING — DENVER MARKET,,,,,,,
Source / Market,Per Sq Ft Low,Per Sq Ft High,2-Car Total Low,2-Car Total Avg,2-Car Total High,,
Denver CO (Galaxy Concrete),$8,$12,"$3,200","$4,000","$4,800",,
Colorado (Solid Custom Floors),$5.50,$7,"$2,200","$2,500","$2,800",,
National (BobVila / Epoxy CO),$5,$12,"$2,000","$3,500","$6,900",,
National (HomeGuide),$5,$12,"$2,000","$4,400","$6,900",,
National (Garage Force),$4,$9,"$1,440","$2,340","$3,240",,
National (Angi),$4,$12,"$1,600","$2,440","$4,340",,
Denver specifically runs $8-$12/sq ft for polyaspartic — higher than national average due to altitude/climate prep needs.,,,,,,,
CLICK-IN TILE FLOORING — YOUR PRICING vs MARKET,,,,,,,
Size,Your Price,Your $/sqft,Market Low,Market Avg,Market High,Verdict,
1-Car (~200sf),"$1,497",$7.49/sf,$4/sf,$8/sf,$12/sf,✅ MID-MARKET,
2-Car (~400sf),"$2,897",$7.24/sf,$4/sf,$8/sf,$12/sf,✅ MID-MARKET,
3-Car (~600sf),"$4,297",$7.16/sf,$4/sf,$8/sf,$12/sf,✅ MID-MARKET,
Your click-in flooring at ~$7.25/sf installed sits right in the middle of the market range. Polyaspartic alternatives run $8-$12/sf in Denver.,,,,,,,
Click-in tile is a DIFFERENT product than polyaspartic — but clients may compare them. Your tile is cheaper AND faster to install.,,,,,,,
